model,condition,size,status,coord_is_baseline,coordinator_record,coordinator_valid,coordinator_quads,coordinator_deficit,coordinator_rms,static_record,static_quads,static_deficit,static_rms,within_5_percent,logical_attempts,native_calls
B49,none,uniform,count_unmatched,False,research://source-repository/research_runs/2026-09-20_paper_stage_v1/coordinator_v4_development/runs/B49/full/r0_size_1/result.json,True,528,11.15320698945797,0.011932119269232714,research://source-repository/research_runs/2026-09-20_paper_stage_v1/strong_static_controls_v1/runs/B49__none__uniform_1/result.json,494,72.41403863558351,0.04151575268581255,False,2,2
B49,none,allocated,coordinator_dominates,False,research://source-repository/research_runs/2026-09-20_paper_stage_v1/coordinator_v4_development/runs/B49/full/r0_size_1/result.json,True,528,11.15320698945797,0.011932119269232714,research://source-repository/research_runs/2026-09-20_paper_stage_v1/strong_static_controls_v1/runs/B49__none__allocated_0/result.json,516,94.83483389033476,0.0635412340354095,True,1,1
B49,all,uniform,static_no_valid,False,research://source-repository/research_runs/2026-09-20_paper_stage_v1/coordinator_v4_development/runs/B49/full/r0_size_1/result.json,True,528,11.15320698945797,0.011932119269232714,,,,,False,1,1
B49,all,allocated,static_no_valid,False,research://source-repository/research_runs/2026-09-20_paper_stage_v1/coordinator_v4_development/runs/B49/full/r0_size_1/result.json,True,528,11.15320698945797,0.011932119269232714,,,,,False,1,1
B49,simple_defect,uniform,coordinator_dominates,False,research://source-repository/research_runs/2026-09-20_paper_stage_v1/coordinator_v4_development/runs/B49/full/r0_size_1/result.json,True,528,11.15320698945797,0.011932119269232714,research://source-repository/research_runs/2026-09-20_paper_stage_v1/strong_static_controls_v1/runs/B49__simple_defect__uniform_0/result.json,528,15.263843228745282,0.03434134929832024,True,1,0
B49,simple_defect,allocated,coordinator_dominates,False,research://source-repository/research_runs/2026-09-20_paper_stage_v1/coordinator_v4_development/runs/B49/full/r0_size_1/result.json,True,528,11.15320698945797,0.011932119269232714,research://source-repository/research_runs/2026-09-20_paper_stage_v1/strong_static_controls_v1/runs/B49__simple_defect__allocated_0/result.json,528,14.060635754193612,0.02967435953931251,True,1,0
B32,none,uniform,coordinator_dominates,False,research://source-repository/research_runs/2026-09-20_paper_stage_v1/coordinator_v4_development/runs/B32/full/r1_remove_1/result.json,True,1043,3.2540589598555765,0.008887236647356935,research://source-repository/research_runs/2026-09-20_paper_stage_v1/strong_static_controls_v1/runs/B32__none__uniform_1/result.json,1029,113.73665098287493,0.036938481385954,True,2,2
B32,none,allocated,coordinator_dominates,False,research://source-repository/research_runs/2026-09-20_paper_stage_v1/coordinator_v4_development/runs/B32/full/r1_remove_1/result.json,True,1043,3.2540589598555765,0.008887236647356935,research://source-repository/research_runs/2026-09-20_paper_stage_v1/strong_static_controls_v1/runs/B32__none__allocated_0/result.json,1001,114.4483206853093,0.05220633130099937,True,1,1
B32,all,uniform,static_no_valid,False,research://source-repository/research_runs/2026-09-20_paper_stage_v1/coordinator_v4_development/runs/B32/full/r1_remove_1/result.json,True,1043,3.2540589598555765,0.008887236647356935,,,,,False,1,1
B32,all,allocated,static_no_valid,False,research://source-repository/research_runs/2026-09-20_paper_stage_v1/coordinator_v4_development/runs/B32/full/r1_remove_1/result.json,True,1043,3.2540589598555765,0.008887236647356935,,,,,False,1,1
B32,simple_defect,uniform,static_no_valid,False,research://source-repository/research_runs/2026-09-20_paper_stage_v1/coordinator_v4_development/runs/B32/full/r1_remove_1/result.json,True,1043,3.2540589598555765,0.008887236647356935,,,,,False,1,0
B32,simple_defect,allocated,static_no_valid,False,research://source-repository/research_runs/2026-09-20_paper_stage_v1/coordinator_v4_development/runs/B32/full/r1_remove_1/result.json,True,1043,3.2540589598555765,0.008887236647356935,,,,,False,1,0
B43,none,uniform,coordinator_dominates,True,research://source-repository/research_runs/2026-09-19_goal_adaptive_v1/cad_heldout_20260920_v1/frozen_proposals/B43/baseline_diagnosis.json,True,481,115.63964998097879,0.08385515116468975,research://source-repository/research_runs/2026-09-20_paper_stage_v1/strong_static_controls_v1/runs/B43__none__uniform_0/result.json,465,127.2140702395064,0.08739782157101843,True,1,1
B43,none,allocated,count_unmatched,True,research://source-repository/research_runs/2026-09-19_goal_adaptive_v1/cad_heldout_20260920_v1/frozen_proposals/B43/baseline_diagnosis.json,True,481,115.63964998097879,0.08385515116468975,research://source-repository/research_runs/2026-09-20_paper_stage_v1/strong_static_controls_v1/runs/B43__none__allocated_1/result.json,523,112.69337455340712,0.06839104658628674,False,2,2
B43,all,uniform,static_no_valid,True,research://source-repository/research_runs/2026-09-19_goal_adaptive_v1/cad_heldout_20260920_v1/frozen_proposals/B43/baseline_diagnosis.json,True,481,115.63964998097879,0.08385515116468975,,,,,False,1,1
B43,all,allocated,static_no_valid,True,research://source-repository/research_runs/2026-09-19_goal_adaptive_v1/cad_heldout_20260920_v1/frozen_proposals/B43/baseline_diagnosis.json,True,481,115.63964998097879,0.08385515116468975,,,,,False,1,1
B43,simple_defect,uniform,static_no_valid,True,research://source-repository/research_runs/2026-09-19_goal_adaptive_v1/cad_heldout_20260920_v1/frozen_proposals/B43/baseline_diagnosis.json,True,481,115.63964998097879,0.08385515116468975,,,,,False,1,0
B43,simple_defect,allocated,static_no_valid,True,research://source-repository/research_runs/2026-09-19_goal_adaptive_v1/cad_heldout_20260920_v1/frozen_proposals/B43/baseline_diagnosis.json,True,481,115.63964998097879,0.08385515116468975,,,,,False,1,0
B53,none,uniform,coordinator_dominates,False,research://source-repository/research_runs/2026-09-20_paper_stage_v1/coordinator_v4_development/runs/B53/full/r0_constraint_0/result.json,True,503,32.19813327431779,0.032014125041190625,research://source-repository/research_runs/2026-09-20_paper_stage_v1/strong_static_controls_v1/runs/B53__none__uniform_0/result.json,497,111.44491273119054,0.053839153102970945,True,1,1
B53,none,allocated,coordinator_dominates,False,research://source-repository/research_runs/2026-09-20_paper_stage_v1/coordinator_v4_development/runs/B53/full/r0_constraint_0/result.json,True,503,32.19813327431779,0.032014125041190625,research://source-repository/research_runs/2026-09-20_paper_stage_v1/strong_static_controls_v1/runs/B53__none__allocated_0/result.json,511,118.93277388609954,0.0702703770725765,True,1,1
B53,all,uniform,static_no_valid,False,research://source-repository/research_runs/2026-09-20_paper_stage_v1/coordinator_v4_development/runs/B53/full/r0_constraint_0/result.json,True,503,32.19813327431779,0.032014125041190625,,,,,False,1,1
B53,all,allocated,static_no_valid,False,research://source-repository/research_runs/2026-09-20_paper_stage_v1/coordinator_v4_development/runs/B53/full/r0_constraint_0/result.json,True,503,32.19813327431779,0.032014125041190625,,,,,False,1,1
B53,simple_defect,uniform,coordinator_dominates,False,research://source-repository/research_runs/2026-09-20_paper_stage_v1/coordinator_v4_development/runs/B53/full/r0_constraint_0/result.json,True,503,32.19813327431779,0.032014125041190625,research://source-repository/research_runs/2026-09-20_paper_stage_v1/strong_static_controls_v1/runs/B53__simple_defect__uniform_0/result.json,506,64.70789213025718,0.07166092658819417,True,1,1
B53,simple_defect,allocated,coordinator_dominates,False,research://source-repository/research_runs/2026-09-20_paper_stage_v1/coordinator_v4_development/runs/B53/full/r0_constraint_0/result.json,True,503,32.19813327431779,0.032014125041190625,research://source-repository/research_runs/2026-09-20_paper_stage_v1/strong_static_controls_v1/runs/B53__simple_defect__allocated_0/result.json,503,42.038121611826504,0.03778288168007814,True,1,0
B68,none,uniform,coordinator_dominates,False,research://source-repository/research_runs/2026-09-20_paper_stage_v1/coordinator_v4_development/runs/B68/full/r1_size_1/result.json,True,838,22.7765264700166,0.02543214565573819,research://source-repository/research_runs/2026-09-20_paper_stage_v1/strong_static_controls_v1/runs/B68__none__uniform_0/result.json,874,96.61542490073828,0.03645117265808019,True,1,1
B68,none,allocated,coordinator_dominates,False,research://source-repository/research_runs/2026-09-20_paper_stage_v1/coordinator_v4_development/runs/B68/full/r1_size_1/result.json,True,838,22.7765264700166,0.02543214565573819,research://source-repository/research_runs/2026-09-20_paper_stage_v1/strong_static_controls_v1/runs/B68__none__allocated_0/result.json,854,72.77659737571143,0.03267357393942006,True,1,1
B68,all,uniform,tradeoff,False,research://source-repository/research_runs/2026-09-20_paper_stage_v1/coordinator_v4_development/runs/B68/full/r1_size_1/result.json,True,838,22.7765264700166,0.02543214565573819,research://source-repository/research_runs/2026-09-20_paper_stage_v1/strong_static_controls_v1/runs/B68__all__uniform_1/result.json,800,23.15028389463441,0.024451932283579992,True,2,2
B68,all,allocated,coordinator_dominates,False,research://source-repository/research_runs/2026-09-20_paper_stage_v1/coordinator_v4_development/runs/B68/full/r1_size_1/result.json,True,838,22.7765264700166,0.02543214565573819,research://source-repository/research_runs/2026-09-20_paper_stage_v1/strong_static_controls_v1/runs/B68__all__allocated_1/result.json,823,24.059332489085534,0.029440753011558223,True,2,2
B68,simple_defect,uniform,tradeoff,False,research://source-repository/research_runs/2026-09-20_paper_stage_v1/coordinator_v4_development/runs/B68/full/r1_size_1/result.json,True,838,22.7765264700166,0.02543214565573819,research://source-repository/research_runs/2026-09-20_paper_stage_v1/strong_static_controls_v1/runs/B68__simple_defect__uniform_1/result.json,800,23.15028389463441,0.024451932283579992,True,2,0
B68,simple_defect,allocated,coordinator_dominates,False,research://source-repository/research_runs/2026-09-20_paper_stage_v1/coordinator_v4_development/runs/B68/full/r1_size_1/result.json,True,838,22.7765264700166,0.02543214565573819,research://source-repository/research_runs/2026-09-20_paper_stage_v1/strong_static_controls_v1/runs/B68__simple_defect__allocated_1/result.json,823,24.059332489085534,0.029440753011558223,True,2,0
B33,none,uniform,coordinator_dominates,False,research://source-repository/research_runs/2026-09-20_paper_stage_v1/coordinator_v4_development/runs/B33/full/r1_remove_0/result.json,True,918,4.883457361463778,0.007793714131025035,research://source-repository/research_runs/2026-09-20_paper_stage_v1/strong_static_controls_v1/runs/B33__none__uniform_1/result.json,907,110.25931536728447,0.04051850950172439,True,2,2
B33,none,allocated,coordinator_dominates,False,research://source-repository/research_runs/2026-09-20_paper_stage_v1/coordinator_v4_development/runs/B33/full/r1_remove_0/result.json,True,918,4.883457361463778,0.007793714131025035,research://source-repository/research_runs/2026-09-20_paper_stage_v1/strong_static_controls_v1/runs/B33__none__allocated_0/result.json,901,113.8473377750116,0.049226624686417274,True,1,1
B33,all,uniform,static_no_valid,False,research://source-repository/research_runs/2026-09-20_paper_stage_v1/coordinator_v4_development/runs/B33/full/r1_remove_0/result.json,True,918,4.883457361463778,0.007793714131025035,,,,,False,2,2
B33,all,allocated,static_dominates,False,research://source-repository/research_runs/2026-09-20_paper_stage_v1/coordinator_v4_development/runs/B33/full/r1_remove_0/result.json,True,918,4.883457361463778,0.007793714131025035,research://source-repository/research_runs/2026-09-20_paper_stage_v1/strong_static_controls_v1/runs/B33__all__allocated_1/result.json,883,2.6636263909960176,0.007158567582786763,True,2,2
B33,simple_defect,uniform,static_no_valid,False,research://source-repository/research_runs/2026-09-20_paper_stage_v1/coordinator_v4_development/runs/B33/full/r1_remove_0/result.json,True,918,4.883457361463778,0.007793714131025035,,,,,False,2,0
B33,simple_defect,allocated,static_dominates,False,research://source-repository/research_runs/2026-09-20_paper_stage_v1/coordinator_v4_development/runs/B33/full/r1_remove_0/result.json,True,918,4.883457361463778,0.007793714131025035,research://source-repository/research_runs/2026-09-20_paper_stage_v1/strong_static_controls_v1/runs/B33__simple_defect__allocated_1/result.json,883,2.6636263909960176,0.007158567582786763,True,2,0
B34,none,uniform,equivalent,True,research://source-repository/research_runs/2026-09-20_cad_decision_v2/heldout/frozen_proposals/B34/baseline_diagnosis.json,True,483,0.23897138288141476,0.030050611678607994,research://source-repository/research_runs/2026-09-20_paper_stage_v1/strong_static_controls_v1/runs/B34__none__uniform_0/result.json,483,0.23897138288141476,0.030050611678607994,True,1,0
B34,none,allocated,tradeoff,True,research://source-repository/research_runs/2026-09-20_cad_decision_v2/heldout/frozen_proposals/B34/baseline_diagnosis.json,True,483,0.23897138288141476,0.030050611678607994,research://source-repository/research_runs/2026-09-20_paper_stage_v1/strong_static_controls_v1/runs/B34__none__allocated_0/result.json,464,0.21053807495582627,0.03484730514903215,True,1,1
B34,all,uniform,tradeoff,True,research://source-repository/research_runs/2026-09-20_cad_decision_v2/heldout/frozen_proposals/B34/baseline_diagnosis.json,True,483,0.23897138288141476,0.030050611678607994,research://source-repository/research_runs/2026-09-20_paper_stage_v1/strong_static_controls_v1/runs/B34__all__uniform_0/result.json,483,0.20180295950078492,0.03013807516425504,True,1,1
B34,all,allocated,tradeoff,True,research://source-repository/research_runs/2026-09-20_cad_decision_v2/heldout/frozen_proposals/B34/baseline_diagnosis.json,True,483,0.23897138288141476,0.030050611678607994,research://source-repository/research_runs/2026-09-20_paper_stage_v1/strong_static_controls_v1/runs/B34__all__allocated_0/result.json,490,0.0024502468061276665,0.03349758092299159,True,1,1
B34,simple_defect,uniform,equivalent,True,research://source-repository/research_runs/2026-09-20_cad_decision_v2/heldout/frozen_proposals/B34/baseline_diagnosis.json,True,483,0.23897138288141476,0.030050611678607994,research://source-repository/research_runs/2026-09-20_paper_stage_v1/strong_static_controls_v1/runs/B34__simple_defect__uniform_0/result.json,483,0.23897138288141476,0.030050611678607994,True,1,0
B34,simple_defect,allocated,tradeoff,True,research://source-repository/research_runs/2026-09-20_cad_decision_v2/heldout/frozen_proposals/B34/baseline_diagnosis.json,True,483,0.23897138288141476,0.030050611678607994,research://source-repository/research_runs/2026-09-20_paper_stage_v1/strong_static_controls_v1/runs/B34__simple_defect__allocated_0/result.json,464,0.21053807495582627,0.03484730514903215,True,1,0
B61,none,uniform,coordinator_dominates,False,research://source-repository/research_runs/2026-09-20_paper_stage_v1/coordinator_v4_development/runs/B61/full/r0_size_1/result.json,True,512,12.943414445296767,0.026097166123762616,research://source-repository/research_runs/2026-09-20_paper_stage_v1/strong_static_controls_v1/runs/B61__none__uniform_0/result.json,516,76.57385567354589,0.0463199056696976,True,1,1
B61,none,allocated,coordinator_dominates,False,research://source-repository/research_runs/2026-09-20_paper_stage_v1/coordinator_v4_development/runs/B61/full/r0_size_1/result.json,True,512,12.943414445296767,0.026097166123762616,research://source-repository/research_runs/2026-09-20_paper_stage_v1/strong_static_controls_v1/runs/B61__none__allocated_0/result.json,504,85.22442627817632,0.05807148141496789,True,1,1
B61,all,uniform,coordinator_dominates,False,research://source-repository/research_runs/2026-09-20_paper_stage_v1/coordinator_v4_development/runs/B61/full/r0_size_1/result.json,True,512,12.943414445296767,0.026097166123762616,research://source-repository/research_runs/2026-09-20_paper_stage_v1/strong_static_controls_v1/runs/B61__all__uniform_0/result.json,510,14.880447140933725,0.035450213526909864,True,1,1
B61,all,allocated,coordinator_dominates,False,research://source-repository/research_runs/2026-09-20_paper_stage_v1/coordinator_v4_development/runs/B61/full/r0_size_1/result.json,True,512,12.943414445296767,0.026097166123762616,research://source-repository/research_runs/2026-09-20_paper_stage_v1/strong_static_controls_v1/runs/B61__all__allocated_0/result.json,508,13.161782918806546,0.03533867063217813,True,1,1
B61,simple_defect,uniform,coordinator_dominates,False,research://source-repository/research_runs/2026-09-20_paper_stage_v1/coordinator_v4_development/runs/B61/full/r0_size_1/result.json,True,512,12.943414445296767,0.026097166123762616,research://source-repository/research_runs/2026-09-20_paper_stage_v1/strong_static_controls_v1/runs/B61__simple_defect__uniform_0/result.json,510,14.880447140933725,0.035450213526909864,True,1,0
B61,simple_defect,allocated,coordinator_dominates,False,research://source-repository/research_runs/2026-09-20_paper_stage_v1/coordinator_v4_development/runs/B61/full/r0_size_1/result.json,True,512,12.943414445296767,0.026097166123762616,research://source-repository/research_runs/2026-09-20_paper_stage_v1/strong_static_controls_v1/runs/B61__simple_defect__allocated_0/result.json,508,13.161782918806546,0.03533867063217813,True,1,0
B70,none,uniform,coordinator_dominates,False,research://source-repository/research_runs/2026-09-20_paper_stage_v1/coordinator_v4_development/runs/B70/full/initial_allocated_0/result.json,True,480,12.764874373876335,0.031056687734941486,research://source-repository/research_runs/2026-09-20_paper_stage_v1/strong_static_controls_v1/runs/B70__none__uniform_0/result.json,498,79.26310410061623,0.06691284602659188,True,1,1
B70,none,allocated,coordinator_dominates,False,research://source-repository/research_runs/2026-09-20_paper_stage_v1/coordinator_v4_development/runs/B70/full/initial_allocated_0/result.json,True,480,12.764874373876335,0.031056687734941486,research://source-repository/research_runs/2026-09-20_paper_stage_v1/strong_static_controls_v1/runs/B70__none__allocated_0/result.json,462,62.57425223238996,0.052553526124125914,True,1,1
B70,all,uniform,coordinator_dominates,False,research://source-repository/research_runs/2026-09-20_paper_stage_v1/coordinator_v4_development/runs/B70/full/initial_allocated_0/result.json,True,480,12.764874373876335,0.031056687734941486,research://source-repository/research_runs/2026-09-20_paper_stage_v1/strong_static_controls_v1/runs/B70__all__uniform_0/result.json,478,21.73802124549377,0.04425611202679387,True,1,1
B70,all,allocated,equivalent,False,research://source-repository/research_runs/2026-09-20_paper_stage_v1/coordinator_v4_development/runs/B70/full/initial_allocated_0/result.json,True,480,12.764874373876335,0.031056687734941486,research://source-repository/research_runs/2026-09-20_paper_stage_v1/strong_static_controls_v1/runs/B70__all__allocated_0/result.json,480,12.764874373876335,0.031056687734941486,True,1,0
B70,simple_defect,uniform,coordinator_dominates,False,research://source-repository/research_runs/2026-09-20_paper_stage_v1/coordinator_v4_development/runs/B70/full/initial_allocated_0/result.json,True,480,12.764874373876335,0.031056687734941486,research://source-repository/research_runs/2026-09-20_paper_stage_v1/strong_static_controls_v1/runs/B70__simple_defect__uniform_0/result.json,478,21.73802124549377,0.04425611202679387,True,1,0
B70,simple_defect,allocated,equivalent,False,research://source-repository/research_runs/2026-09-20_paper_stage_v1/coordinator_v4_development/runs/B70/full/initial_allocated_0/result.json,True,480,12.764874373876335,0.031056687734941486,research://source-repository/research_runs/2026-09-20_paper_stage_v1/strong_static_controls_v1/runs/B70__simple_defect__allocated_0/result.json,480,12.764874373876335,0.031056687734941486,True,1,0
B65,none,uniform,equivalent,True,research://source-repository/research_runs/2026-09-20_cad_decision_v2/heldout/frozen_proposals/B65/baseline_diagnosis.json,True,490,77.59578992172214,0.059512858333383635,research://source-repository/research_runs/2026-09-20_paper_stage_v1/strong_static_controls_v1/runs/B65__none__uniform_0/result.json,490,77.59578992172214,0.059512858333383635,True,1,0
B65,none,allocated,tradeoff,True,research://source-repository/research_runs/2026-09-20_cad_decision_v2/heldout/frozen_proposals/B65/baseline_diagnosis.json,True,490,77.59578992172214,0.059512858333383635,research://source-repository/research_runs/2026-09-20_paper_stage_v1/strong_static_controls_v1/runs/B65__none__allocated_0/result.json,491,106.44568438412963,0.055816875312924286,True,1,1
B65,all,uniform,static_dominates,True,research://source-repository/research_runs/2026-09-20_cad_decision_v2/heldout/frozen_proposals/B65/baseline_diagnosis.json,True,490,77.59578992172214,0.059512858333383635,research://source-repository/research_runs/2026-09-20_paper_stage_v1/strong_static_controls_v1/runs/B65__all__uniform_0/result.json,500,1.5727024570630561,0.012999371884619592,True,1,1
B65,all,allocated,static_dominates,True,research://source-repository/research_runs/2026-09-20_cad_decision_v2/heldout/frozen_proposals/B65/baseline_diagnosis.json,True,490,77.59578992172214,0.059512858333383635,research://source-repository/research_runs/2026-09-20_paper_stage_v1/strong_static_controls_v1/runs/B65__all__allocated_0/result.json,478,1.431019674737982,0.009551431239877974,True,1,1
B65,simple_defect,uniform,static_dominates,True,research://source-repository/research_runs/2026-09-20_cad_decision_v2/heldout/frozen_proposals/B65/baseline_diagnosis.json,True,490,77.59578992172214,0.059512858333383635,research://source-repository/research_runs/2026-09-20_paper_stage_v1/strong_static_controls_v1/runs/B65__simple_defect__uniform_0/result.json,500,5.288758466180638,0.01396439725275072,True,1,1
B65,simple_defect,allocated,static_dominates,True,research://source-repository/research_runs/2026-09-20_cad_decision_v2/heldout/frozen_proposals/B65/baseline_diagnosis.json,True,490,77.59578992172214,0.059512858333383635,research://source-repository/research_runs/2026-09-20_paper_stage_v1/strong_static_controls_v1/runs/B65__simple_defect__allocated_0/result.json,502,7.0952022216399016,0.010158318259729708,True,1,1
B31,none,uniform,coordinator_invalid,False,research://source-repository/research_runs/2026-09-20_paper_stage_v1/coordinator_v4_development/runs/B31/full/initial_allocated_0/result.json,False,493,41.74293627187693,0.037784008900822404,research://source-repository/research_runs/2026-09-20_paper_stage_v1/strong_static_controls_v1/runs/B31__none__uniform_1/result.json,464,124.45333881468169,0.06363735372196912,False,2,2
B31,none,allocated,coordinator_invalid,False,research://source-repository/research_runs/2026-09-20_paper_stage_v1/coordinator_v4_development/runs/B31/full/initial_allocated_0/result.json,False,493,41.74293627187693,0.037784008900822404,research://source-repository/research_runs/2026-09-20_paper_stage_v1/strong_static_controls_v1/runs/B31__none__allocated_0/result.json,476,121.17226090303674,0.07703061584668176,True,1,1
B31,all,uniform,coordinator_invalid,False,research://source-repository/research_runs/2026-09-20_paper_stage_v1/coordinator_v4_development/runs/B31/full/initial_allocated_0/result.json,False,493,41.74293627187693,0.037784008900822404,,,,,False,1,1
B31,all,allocated,coordinator_invalid,False,research://source-repository/research_runs/2026-09-20_paper_stage_v1/coordinator_v4_development/runs/B31/full/initial_allocated_0/result.json,False,493,41.74293627187693,0.037784008900822404,,,,,False,1,1
B31,simple_defect,uniform,coordinator_invalid,False,research://source-repository/research_runs/2026-09-20_paper_stage_v1/coordinator_v4_development/runs/B31/full/initial_allocated_0/result.json,False,493,41.74293627187693,0.037784008900822404,research://source-repository/research_runs/2026-09-20_paper_stage_v1/strong_static_controls_v1/runs/B31__simple_defect__uniform_0/result.json,544,48.67825193589856,0.04333962425938065,False,2,2
B31,simple_defect,allocated,coordinator_invalid,False,research://source-repository/research_runs/2026-09-20_paper_stage_v1/coordinator_v4_development/runs/B31/full/initial_allocated_0/result.json,False,493,41.74293627187693,0.037784008900822404,,,,,False,1,0
B73,none,uniform,coordinator_dominates,False,research://source-repository/research_runs/2026-09-20_paper_stage_v1/coordinator_v4_development/runs/B73/full/initial_allocated_0/result.json,True,504,7.625493746379317,0.028451143322060713,research://source-repository/research_runs/2026-09-20_paper_stage_v1/strong_static_controls_v1/runs/B73__none__uniform_0/result.json,504,59.131354851885575,0.06021276579417163,True,1,1
B73,none,allocated,coordinator_dominates,False,research://source-repository/research_runs/2026-09-20_paper_stage_v1/coordinator_v4_development/runs/B73/full/initial_allocated_0/result.json,True,504,7.625493746379317,0.028451143322060713,research://source-repository/research_runs/2026-09-20_paper_stage_v1/strong_static_controls_v1/runs/B73__none__allocated_0/result.json,506,33.02468370363943,0.03462431090580459,True,1,1
B73,all,uniform,static_no_valid,False,research://source-repository/research_runs/2026-09-20_paper_stage_v1/coordinator_v4_development/runs/B73/full/initial_allocated_0/result.json,True,504,7.625493746379317,0.028451143322060713,,,,,False,2,2
B73,all,allocated,equivalent,False,research://source-repository/research_runs/2026-09-20_paper_stage_v1/coordinator_v4_development/runs/B73/full/initial_allocated_0/result.json,True,504,7.625493746379317,0.028451143322060713,research://source-repository/research_runs/2026-09-20_paper_stage_v1/strong_static_controls_v1/runs/B73__all__allocated_0/result.json,504,7.625493746379317,0.028451143322060713,True,1,0
B73,simple_defect,uniform,static_no_valid,False,research://source-repository/research_runs/2026-09-20_paper_stage_v1/coordinator_v4_development/runs/B73/full/initial_allocated_0/result.json,True,504,7.625493746379317,0.028451143322060713,,,,,False,2,0
B73,simple_defect,allocated,equivalent,False,research://source-repository/research_runs/2026-09-20_paper_stage_v1/coordinator_v4_development/runs/B73/full/initial_allocated_0/result.json,True,504,7.625493746379317,0.028451143322060713,research://source-repository/research_runs/2026-09-20_paper_stage_v1/strong_static_controls_v1/runs/B73__simple_defect__allocated_0/result.json,504,7.625493746379317,0.028451143322060713,True,1,0
